t_s,dr_gradient,bl_gradient,rtt_gradient,regime,trajectory,predicted,workload
2.550,332.3042,-14.6829,0.0000,HEAVY,STABLE,HEAVY,MICE
5.101,309.6599,-39.3266,0.0000,HEAVY,STABLE,HEAVY,MICE
7.658,429.9064,-11.9825,0.0000,HEAVY,STABLE,HEAVY,MICE
10.208,315.8058,9.1029,0.0000,HEAVY,STABLE,HEAVY,MICE
12.762,68.1143,-4.7122,0.0000,HEAVY,STABLE,HEAVY,MICE
15.314,-40.1941,-2.5914,0.0000,HEAVY,RECOVERING,MODERATE,MICE
17.867,315.5333,-51.6900,0.0000,HEAVY,STABLE,HEAVY,MICE
20.418,227.7628,33.6383,0.0000,HEAVY,STABLE,HEAVY,MICE
22.972,736.8969,-4.2313,0.0000,HEAVY,STABLE,HEAVY,MICE
25.525,741.0595,-8.1807,0.0000,HEAVY,STABLE,HEAVY,MICE
28.090,1118.5281,0.6078,0.0000,HEAVY,STABLE,HEAVY,MICE
30.644,171.4181,-0.3828,0.0000,HEAVY,STABLE,HEAVY,MICE
33.200,-640.7131,-15.6528,0.0000,HEAVY,RECOVERING,MODERATE,MICE
35.754,642.6840,1.8412,0.0000,HEAVY,STABLE,HEAVY,MICE
38.312,1529.2292,-2.6286,0.0000,HEAVY,STABLE,HEAVY,MICE
40.866,1108.6404,0.4639,0.0000,HEAVY,STABLE,HEAVY,MICE
43.422,-1046.5453,-0.6668,0.0000,HEAVY,RECOVERING,MODERATE,MICE
45.974,-1449.0260,-36.6525,0.0000,HEAVY,RECOVERING,MODERATE,MICE
48.530,-546.6076,-4.9478,0.0000,HEAVY,RECOVERING,MODERATE,MICE
51.080,162.8918,1.1034,0.0000,HEAVY,STABLE,HEAVY,MICE
53.634,-2120.7655,-8.7556,0.0000,HEAVY,RECOVERING,MODERATE,MICE
56.184,-66.9809,3.0177,0.0000,HEAVY,RECOVERING,MODERATE,MICE
58.741,668.7439,2.6784,0.0000,HEAVY,STABLE,HEAVY,MICE
61.300,-1112.1104,-0.5625,0.0000,HEAVY,RECOVERING,MODERATE,MICE
63.864,8056.4381,-0.4834,0.0000,HEAVY,STABLE,HEAVY,MICE
66.432,2959.4786,0.4189,0.0000,HEAVY,STABLE,HEAVY,MICE
68.998,4799.5395,-10.9089,0.0000,HEAVY,STABLE,HEAVY,MICE
71.569,-1421.0393,0.4215,0.0000,HEAVY,RECOVERING,MODERATE,MICE
74.140,889.3762,0.1681,0.0000,HEAVY,STABLE,HEAVY,MICE
76.701,-343.4377,-3.8549,0.0000,HEAVY,RECOVERING,MODERATE,MICE
79.266,-734.0773,3.6992,0.0000,HEAVY,RECOVERING,MODERATE,MICE
81.834,613.5334,-1.1485,0.0000,HEAVY,STABLE,HEAVY,MICE
84.399,-773.8829,-2.3391,0.0000,HEAVY,RECOVERING,MODERATE,MICE
86.958,-554.5062,-1.9527,0.0000,HEAVY,RECOVERING,MODERATE,MICE
89.518,-275.2928,0.0820,0.0000,HEAVY,RECOVERING,MODERATE,MICE
92.076,492.2256,2.8550,0.0000,HEAVY,STABLE,HEAVY,MICE
94.639,-337.2587,0.1780,0.0000,HEAVY,RECOVERING,MODERATE,MICE
97.202,-1288.4929,-0.1769,0.0000,HEAVY,RECOVERING,MODERATE,MICE
99.762,-707.2707,1.0631,0.0000,HEAVY,RECOVERING,MODERATE,MICE
102.324,645.0229,0.6747,0.0000,HEAVY,STABLE,HEAVY,MICE
104.892,171.1441,1.1693,0.0000,HEAVY,STABLE,HEAVY,MICE
107.453,-829.0741,-3.4026,0.0000,HEAVY,RECOVERING,MODERATE,MICE
110.019,-1291.0644,0.1315,0.0000,HEAVY,RECOVERING,MODERATE,MICE
112.584,-367.3345,2.8109,0.0000,HEAVY,RECOVERING,MODERATE,MICE
115.148,-887.4954,-1.5823,0.0000,HEAVY,RECOVERING,MODERATE,MICE
117.708,-1105.4608,0.5567,0.0000,HEAVY,RECOVERING,MODERATE,MICE
120.271,992.7402,-4.3294,0.0000,HEAVY,STABLE,HEAVY,MICE
122.832,-1231.6340,0.2254,0.0000,HEAVY,RECOVERING,MODERATE,MICE
125.395,-1596.4720,-0.2006,0.0000,HEAVY,RECOVERING,MODERATE,MICE
127.960,-826.3184,1.8423,0.0000,HEAVY,RECOVERING,MODERATE,MICE
130.520,665.2859,-1.6446,0.0000,HEAVY,STABLE,HEAVY,MICE
133.087,134.5321,4.2317,0.0000,HEAVY,STABLE,HEAVY,MICE
135.649,558.6107,0.3428,0.0000,HEAVY,STABLE,HEAVY,MICE
138.213,88.0896,-0.2259,0.0000,HEAVY,STABLE,HEAVY,MICE
140.771,-644.6965,-2.3547,0.0000,HEAVY,RECOVERING,MODERATE,MICE
143.335,1524.9895,-1.9531,0.0000,HEAVY,STABLE,HEAVY,MICE
145.895,-2038.0492,-3.7396,0.0000,HEAVY,RECOVERING,MODERATE,MICE
148.458,1619.0440,1.8441,0.0000,HEAVY,STABLE,HEAVY,MICE
151.023,-277.9952,-1.5728,0.0000,HEAVY,RECOVERING,MODERATE,MICE
153.587,-47.0265,-2.5532,0.0000,HEAVY,RECOVERING,MODERATE,MICE
156.150,-324.6561,0.4732,0.0000,HEAVY,RECOVERING,MODERATE,MICE
158.711,437.8789,-6.3037,0.0000,HEAVY,STABLE,HEAVY,MICE
161.271,514.7388,19.5004,0.0000,HEAVY,STABLE,HEAVY,MICE
163.833,162.2378,-0.9229,0.0000,HEAVY,STABLE,HEAVY,MICE
166.391,-190.4927,-2.3531,0.0000,HEAVY,RECOVERING,MODERATE,MICE
168.951,239.3233,3.9701,0.0000,HEAVY,STABLE,HEAVY,MICE
171.509,365.6917,-3.1737,0.0000,HEAVY,STABLE,HEAVY,MICE
174.073,226.1380,1.2666,0.0000,HEAVY,STABLE,HEAVY,MICE
176.634,-268.9109,2.7075,0.0000,HEAVY,RECOVERING,MODERATE,MICE
179.194,673.8876,-0.3317,0.0000,HEAVY,STABLE,HEAVY,MICE
181.758,-167.9022,1.0145,0.0000,HEAVY,RECOVERING,MODERATE,MICE
184.319,-1395.4117,-0.5086,0.0000,HEAVY,RECOVERING,MODERATE,MICE
186.880,946.1889,0.6519,0.0000,HEAVY,STABLE,HEAVY,MICE
189.442,-258.0976,-4.1162,0.0000,HEAVY,RECOVERING,MODERATE,MICE
192.003,-2724.7721,24.2902,0.0000,HEAVY,RECOVERING,MODERATE,MICE
194.573,1413.5349,-0.4118,0.0000,HEAVY,STABLE,HEAVY,MICE
197.136,557.1392,-2.2918,0.0000,HEAVY,STABLE,HEAVY,MICE
199.698,-961.8483,1.9146,0.0000,HEAVY,RECOVERING,MODERATE,MICE
202.257,7.7668,-0.7121,0.0000,HEAVY,STABLE,HEAVY,MICE
204.817,1040.3745,2.6756,0.0000,HEAVY,STABLE,HEAVY,MICE
207.380,-1053.2516,-0.4037,0.0000,HEAVY,RECOVERING,MODERATE,MICE
209.940,476.9774,1.4423,0.0000,HEAVY,STABLE,HEAVY,MICE
212.501,-1162.8336,0.3896,0.0000,HEAVY,RECOVERING,MODERATE,MICE
215.062,-1008.0541,-1.7039,0.0000,HEAVY,RECOVERING,MODERATE,MICE
217.623,1789.0872,-0.6274,0.0000,HEAVY,STABLE,HEAVY,MICE
220.185,875.4718,-1.8568,0.0000,HEAVY,STABLE,HEAVY,MICE
222.745,-2600.7660,3.0428,0.0000,HEAVY,RECOVERING,MODERATE,MICE
225.309,978.2917,0.9228,0.0000,HEAVY,STABLE,HEAVY,MICE
227.872,-866.9848,-1.2521,0.0000,HEAVY,RECOVERING,MODERATE,MICE
230.437,-1166.9235,-1.5347,0.0000,HEAVY,RECOVERING,MODERATE,MICE
233.000,-76.1591,-3.5597,0.0000,HEAVY,RECOVERING,MODERATE,MICE
235.562,2537.0051,-0.0935,0.0000,HEAVY,STABLE,HEAVY,MICE
238.123,596.8447,-2.1299,0.0000,HEAVY,STABLE,HEAVY,MICE
240.684,-1523.8264,-0.1299,0.0000,HEAVY,RECOVERING,MODERATE,MICE
243.246,256.5758,1.1239,0.0000,HEAVY,STABLE,HEAVY,MICE
245.805,-483.5864,-2.5207,0.0000,HEAVY,RECOVERING,MODERATE,MICE
248.367,1345.0552,0.1306,0.0000,HEAVY,STABLE,HEAVY,MICE
250.930,-744.0269,-1.9044,0.0000,HEAVY,RECOVERING,MODERATE,MICE
253.490,-546.3037,0.4131,0.0000,HEAVY,RECOVERING,MODERATE,MICE
256.052,-803.3294,-1.2288,0.0000,HEAVY,RECOVERING,MODERATE,MICE
258.614,652.6666,4.1652,0.0000,HEAVY,STABLE,HEAVY,MICE
261.175,-452.9416,-3.0396,0.0000,HEAVY,RECOVERING,MODERATE,MICE
263.738,197.5334,0.8395,0.0000,HEAVY,STABLE,HEAVY,MICE
266.302,198.1819,-1.6786,0.0000,HEAVY,STABLE,HEAVY,MICE
268.863,634.3438,-0.7212,0.0000,HEAVY,STABLE,HEAVY,MICE
271.424,1728.6330,-2.3663,0.0000,HEAVY,STABLE,HEAVY,MICE
273.986,-1505.3624,4.0462,0.0000,HEAVY,RECOVERING,MODERATE,MICE
276.549,-491.7609,-3.7683,0.0000,HEAVY,RECOVERING,MODERATE,MICE
279.107,2332.8772,-1.9435,0.0000,HEAVY,STABLE,HEAVY,MICE
281.665,-639.6535,0.6034,0.0000,HEAVY,RECOVERING,MODERATE,MICE
284.230,151.9673,0.2730,0.0000,HEAVY,STABLE,HEAVY,MICE
286.795,531.4112,1.8902,0.0000,HEAVY,STABLE,HEAVY,MICE
289.356,-1641.0252,-2.0443,0.0000,HEAVY,RECOVERING,MODERATE,MICE
291.919,1665.3185,2.6273,0.0000,HEAVY,STABLE,HEAVY,MICE
294.482,-803.9178,-6.2930,0.0000,HEAVY,RECOVERING,MODERATE,MICE
297.048,121.9251,-23.8528,0.0000,HEAVY,STABLE,HEAVY,MICE
299.615,1497.0646,5.6722,0.0000,HEAVY,STABLE,HEAVY,MICE
302.181,-1531.5858,2.6561,0.0000,HEAVY,RECOVERING,MODERATE,MICE
304.745,-1095.2930,-2.6469,0.0000,HEAVY,RECOVERING,MODERATE,MICE
307.308,210.4382,-0.3312,0.0000,HEAVY,STABLE,HEAVY,MICE
309.871,1000.3988,-1.0064,0.0000,HEAVY,STABLE,HEAVY,MICE
312.432,653.7629,3.6906,0.0000,HEAVY,STABLE,HEAVY,MICE
314.997,-2017.3426,-1.8919,0.0000,HEAVY,RECOVERING,MODERATE,MICE
317.559,846.3124,-27.2325,0.0000,HEAVY,STABLE,HEAVY,MICE
320.121,508.0126,6.3525,0.0000,HEAVY,STABLE,HEAVY,MICE
322.686,-559.2078,-1.2981,0.0000,HEAVY,RECOVERING,MODERATE,MICE
325.251,-2164.8655,-0.1993,0.0000,HEAVY,RECOVERING,MODERATE,MICE
327.822,-699.8785,-0.9982,0.0000,HEAVY,RECOVERING,MODERATE,MICE
330.386,148.0897,-1.9329,0.0000,HEAVY,STABLE,HEAVY,MICE
332.944,1259.7709,2.3039,0.0000,HEAVY,STABLE,HEAVY,MICE
335.510,-897.2868,1.0638,0.0000,HEAVY,RECOVERING,MODERATE,MICE
338.078,-3393.5742,-3.9643,0.0000,HEAVY,RECOVERING,MODERATE,MICE
340.648,149.0608,1.0530,0.0000,HEAVY,STABLE,HEAVY,MICE
343.210,699.3461,-1.0802,0.0000,HEAVY,STABLE,HEAVY,MICE
345.768,1832.3786,0.5791,0.0000,HEAVY,STABLE,HEAVY,MICE
348.329,-4.7791,-0.1533,0.0000,HEAVY,STABLE,HEAVY,MICE
350.889,1050.8840,0.9124,0.0000,HEAVY,STABLE,HEAVY,MICE
353.449,-2241.4179,0.1546,0.0000,HEAVY,RECOVERING,MODERATE,MICE
356.013,1687.9392,0.4982,0.0000,HEAVY,STABLE,HEAVY,MICE
358.579,-804.0033,-1.5478,0.0000,HEAVY,RECOVERING,MODERATE,MICE
361.142,639.0944,0.2368,0.0000,HEAVY,STABLE,HEAVY,MICE
363.705,-728.2071,-1.1805,0.0000,HEAVY,RECOVERING,MODERATE,MICE
366.264,1526.3902,3.0921,0.0000,HEAVY,STABLE,HEAVY,MICE
368.828,-698.9245,-0.7349,0.0000,HEAVY,RECOVERING,MODERATE,MICE
371.389,-822.3779,1.7985,0.0000,HEAVY,RECOVERING,MODERATE,MICE
373.949,-1733.5624,-4.4735,0.0000,HEAVY,RECOVERING,MODERATE,MICE
376.513,-1115.3378,-2.2120,0.0000,HEAVY,RECOVERING,MODERATE,MICE
379.077,754.5365,-0.8040,0.0000,HEAVY,STABLE,HEAVY,MICE
381.641,1522.6129,-1.0631,0.0000,HEAVY,STABLE,HEAVY,MICE
384.208,-2213.0866,0.6385,0.0000,HEAVY,RECOVERING,MODERATE,MICE
386.771,2087.5956,0.5692,0.0000,HEAVY,STABLE,HEAVY,MICE
389.334,639.2297,-2.7544,0.0000,HEAVY,STABLE,HEAVY,MICE
391.894,-1773.2406,1.2066,0.0000,HEAVY,RECOVERING,MODERATE,MICE
394.454,-1269.9540,-0.7692,0.0000,HEAVY,RECOVERING,MODERATE,MICE
397.020,1267.9246,4.8345,0.0000,HEAVY,STABLE,HEAVY,MICE
399.577,-231.4654,1.3857,0.0000,HEAVY,RECOVERING,MODERATE,MICE
402.140,2355.6276,0.1183,0.0000,HEAVY,STABLE,HEAVY,MICE
404.701,646.3429,0.4376,0.0000,HEAVY,STABLE,HEAVY,MICE
407.264,-1300.5703,-25.9730,0.0000,HEAVY,RECOVERING,MODERATE,MICE
409.827,1017.2768,0.9442,0.0000,HEAVY,STABLE,HEAVY,MICE
412.389,-258.8788,0.7081,0.0000,HEAVY,RECOVERING,MODERATE,MICE
414.947,341.5101,-1.8595,0.0000,HEAVY,STABLE,HEAVY,MICE
417.512,1257.7009,1.9860,0.0000,HEAVY,STABLE,HEAVY,MICE
420.076,1296.0515,-0.1880,0.0000,HEAVY,STABLE,HEAVY,MICE
422.640,-1495.4522,-2.3037,0.0000,HEAVY,RECOVERING,MODERATE,MICE
425.205,1536.1036,3.0362,0.0000,HEAVY,STABLE,HEAVY,MICE
427.772,32.9861,-2.0908,0.0000,HEAVY,STABLE,HEAVY,MICE
430.334,-382.9712,-0.0234,0.0000,HEAVY,RECOVERING,MODERATE,MICE
432.896,630.2147,1.7967,0.0000,HEAVY,STABLE,HEAVY,MICE
435.461,-362.1920,1.6426,0.0000,HEAVY,RECOVERING,MODERATE,MICE
438.021,916.9637,1.3491,0.0000,HEAVY,STABLE,HEAVY,MICE
440.579,869.4717,0.5451,0.0000,HEAVY,STABLE,HEAVY,MICE
443.142,1546.9515,1.7522,0.0000,HEAVY,STABLE,HEAVY,MICE
445.704,-1367.4776,-1.7392,0.0000,HEAVY,RECOVERING,MODERATE,MICE
448.264,-738.0413,0.0476,0.0000,HEAVY,RECOVERING,MODERATE,MICE
450.826,-372.5210,-0.3667,0.0000,HEAVY,RECOVERING,MODERATE,MICE
453.388,-1124.7473,2.5425,0.0000,HEAVY,RECOVERING,MODERATE,MICE
455.952,-1460.6132,-0.8641,0.0000,HEAVY,RECOVERING,MODERATE,MICE
458.519,325.2305,-1.2389,0.0000,HEAVY,STABLE,HEAVY,MICE
461.082,340.8550,3.2595,0.0000,HEAVY,STABLE,HEAVY,MICE
463.647,-2.3888,1.3486,0.0000,HEAVY,STABLE,HEAVY,MICE
466.207,-637.5812,-2.3400,0.0000,HEAVY,RECOVERING,MODERATE,MICE
468.772,789.9730,0.8153,0.0000,HEAVY,STABLE,HEAVY,MICE
471.333,401.7449,-0.6973,0.0000,HEAVY,STABLE,HEAVY,MICE
473.894,-225.1001,-2.7686,0.0000,HEAVY,RECOVERING,MODERATE,MICE
476.464,918.5688,3.1974,0.0000,HEAVY,STABLE,HEAVY,MICE
479.027,-2585.6420,-0.6650,0.0000,HEAVY,RECOVERING,MODERATE,MICE
481.594,1190.1625,2.1608,0.0000,HEAVY,STABLE,HEAVY,MICE
484.155,823.7637,1.0651,0.0000,HEAVY,STABLE,HEAVY,MICE
486.720,-426.0177,-0.7909,0.0000,HEAVY,RECOVERING,MODERATE,MICE
489.286,771.4247,-0.4251,0.0000,HEAVY,STABLE,HEAVY,MICE
491.848,-570.3810,-1.5839,0.0000,HEAVY,RECOVERING,MODERATE,MICE
494.410,-405.2963,0.6871,0.0000,HEAVY,RECOVERING,MODERATE,MICE
496.976,-741.7790,3.3566,0.0000,HEAVY,RECOVERING,MODERATE,MICE
499.543,-225.7356,-6.0096,0.0000,HEAVY,RECOVERING,MODERATE,MICE
502.109,2696.5457,-1.6286,0.0000,HEAVY,STABLE,HEAVY,MICE
504.675,1761.1753,3.6483,0.0000,HEAVY,STABLE,HEAVY,MICE
507.239,-369.9539,-4.8203,0.0000,HEAVY,RECOVERING,MODERATE,MICE
509.801,135.2122,0.8858,0.0000,HEAVY,STABLE,HEAVY,MICE
512.361,-1145.1893,3.2063,0.0000,HEAVY,RECOVERING,MODERATE,MICE
514.927,1907.4189,-1.9513,0.0000,HEAVY,STABLE,HEAVY,MICE
517.485,-2976.0681,-1.4326,0.0000,HEAVY,RECOVERING,MODERATE,MICE
520.048,-769.8790,3.3248,0.0000,HEAVY,RECOVERING,MODERATE,MICE
522.609,-332.8044,-3.9974,0.0000,HEAVY,RECOVERING,MODERATE,MICE
525.170,-1511.5919,0.2482,0.0000,HEAVY,RECOVERING,MODERATE,MICE
527.730,3216.9608,-3.2428,0.0000,HEAVY,STABLE,HEAVY,MICE
530.294,53.4255,-2.5532,0.0000,HEAVY,STABLE,HEAVY,MICE
532.856,1078.3511,0.0218,0.0000,HEAVY,STABLE,HEAVY,MICE
535.422,-1738.8710,2.3736,0.0000,HEAVY,RECOVERING,MODERATE,MICE
537.981,338.6543,-0.8953,0.0000,HEAVY,STABLE,HEAVY,MICE
540.544,2294.0273,-0.6857,0.0000,HEAVY,STABLE,HEAVY,MICE
543.106,1626.3239,-4.4841,0.0000,HEAVY,STABLE,HEAVY,MICE
545.669,-1246.9790,1.8903,0.0000,HEAVY,RECOVERING,MODERATE,MICE
548.231,-860.9121,-3.5591,0.0000,HEAVY,RECOVERING,MODERATE,MICE
550.794,-215.0955,2.5535,0.0000,HEAVY,RECOVERING,MODERATE,MICE
553.358,12.3362,-2.7441,0.0000,HEAVY,STABLE,HEAVY,MICE
555.917,16.0540,0.8289,0.0000,HEAVY,STABLE,HEAVY,MICE
558.482,-1289.2591,2.2953,0.0000,HEAVY,RECOVERING,MODERATE,MICE
561.046,1002.2965,-1.5246,0.0000,HEAVY,STABLE,HEAVY,MICE
563.606,-820.8684,0.2009,0.0000,HEAVY,RECOVERING,MODERATE,MICE
566.170,-646.6080,2.1549,0.0000,HEAVY,RECOVERING,MODERATE,MICE
568.734,-1268.0094,1.8087,0.0000,HEAVY,RECOVERING,MODERATE,MICE
571.296,3415.1009,-3.9715,0.0000,HEAVY,STABLE,HEAVY,MICE
573.859,-764.0930,-3.4865,0.0000,HEAVY,RECOVERING,MODERATE,MICE
576.420,681.3950,2.1175,0.0000,HEAVY,STABLE,HEAVY,MICE
578.979,-1056.7856,-1.4430,0.0000,HEAVY,RECOVERING,MODERATE,MICE
581.540,28.5419,0.0719,0.0000,HEAVY,STABLE,HEAVY,MICE
584.102,364.2811,-2.9333,0.0000,HEAVY,STABLE,HEAVY,MICE
586.664,-945.0219,-0.4718,0.0000,HEAVY,RECOVERING,MODERATE,MICE
589.224,603.4301,2.0243,0.0000,HEAVY,STABLE,HEAVY,MICE
591.788,1278.7935,-1.8330,0.0000,HEAVY,STABLE,HEAVY,MICE
594.347,-1893.4469,0.5337,0.0000,HEAVY,RECOVERING,MODERATE,MICE
596.906,-58.8894,0.9123,0.0000,HEAVY,RECOVERING,MODERATE,MICE
599.474,-564.8434,-1.2426,0.0000,HEAVY,RECOVERING,MODERATE,MICE
602.039,-1798.6624,-1.2989,0.0000,HEAVY,RECOVERING,MODERATE,MICE
604.603,-82.9281,-0.3784,0.0000,HEAVY,RECOVERING,MODERATE,MICE
607.169,1390.3328,0.0355,0.0000,HEAVY,STABLE,HEAVY,MICE
609.732,-1222.9387,1.6905,0.0000,HEAVY,RECOVERING,MODERATE,MICE
612.294,1523.2088,-1.0640,0.0000,HEAVY,STABLE,HEAVY,MICE
614.859,285.7955,3.9687,0.0000,HEAVY,STABLE,HEAVY,MICE
617.420,-1297.4337,1.3596,0.0000,HEAVY,RECOVERING,MODERATE,MICE
619.982,-359.5976,-0.0841,0.0000,HEAVY,RECOVERING,MODERATE,MICE
622.544,-308.6237,1.4426,0.0000,HEAVY,RECOVERING,MODERATE,MICE
625.103,2368.9746,3.2308,0.0000,HEAVY,STABLE,HEAVY,MICE
627.672,-1886.7943,-4.4068,0.0000,HEAVY,RECOVERING,MODERATE,MICE
630.235,892.5140,-25.7904,0.0000,HEAVY,STABLE,HEAVY,MICE
632.793,2154.7878,-0.8592,0.0000,HEAVY,STABLE,HEAVY,MICE
635.358,1202.3602,1.7759,0.0000,HEAVY,STABLE,HEAVY,MICE
637.920,-634.5050,-1.6555,0.0000,HEAVY,RECOVERING,MODERATE,MICE
640.479,307.4030,2.0486,0.0000,HEAVY,STABLE,HEAVY,MICE
643.042,739.3155,1.4534,0.0000,HEAVY,STABLE,HEAVY,MICE
645.606,1073.0164,0.8739,0.0000,HEAVY,STABLE,HEAVY,MICE
648.169,-230.0432,0.2005,0.0000,HEAVY,RECOVERING,MODERATE,MICE
650.730,1719.1217,-2.4261,0.0000,HEAVY,STABLE,HEAVY,MICE
653.292,-4838.9082,-0.9707,0.0000,HEAVY,RECOVERING,MODERATE,MICE
655.852,123.5035,0.1191,0.0000,HEAVY,STABLE,HEAVY,MICE
658.418,-1577.8228,1.2642,0.0000,HEAVY,RECOVERING,MODERATE,MICE
660.979,2635.2086,1.6085,0.0000,HEAVY,STABLE,HEAVY,MICE
663.538,30.8010,0.4147,0.0000,HEAVY,STABLE,HEAVY,MICE
666.102,-875.6002,-2.2120,0.0000,HEAVY,RECOVERING,MODERATE,MICE
668.663,-770.3414,1.0877,0.0000,HEAVY,RECOVERING,MODERATE,MICE
671.226,629.5524,-1.0522,0.0000,HEAVY,STABLE,HEAVY,MICE
673.787,176.7674,1.5739,0.0000,HEAVY,STABLE,HEAVY,MICE
676.351,1472.8861,-3.9498,0.0000,HEAVY,STABLE,HEAVY,MICE
678.913,1.0142,2.6001,0.0000,HEAVY,STABLE,HEAVY,MICE
681.473,-144.8889,-2.1279,0.0000,HEAVY,RECOVERING,MODERATE,MICE
684.033,-1232.7333,-4.3789,0.0000,HEAVY,RECOVERING,MODERATE,MICE
686.597,1138.4697,1.0176,0.0000,HEAVY,STABLE,HEAVY,MICE
689.159,-1023.9661,-1.5955,0.0000,HEAVY,RECOVERING,MODERATE,MICE
691.722,-54.2453,0.8269,0.0000,HEAVY,RECOVERING,MODERATE,MICE
694.293,1105.3996,2.2501,0.0000,HEAVY,STABLE,HEAVY,MICE
696.858,4.7225,-27.5621,0.0000,HEAVY,STABLE,HEAVY,MICE
699.419,-1186.8890,1.6560,0.0000,HEAVY,RECOVERING,MODERATE,MICE
701.982,918.5845,0.8746,0.0000,HEAVY,STABLE,HEAVY,MICE
704.546,299.9904,-1.2660,0.0000,HEAVY,STABLE,HEAVY,MICE
707.107,-454.7548,1.0286,0.0000,HEAVY,RECOVERING,MODERATE,MICE
709.666,114.4216,-15.7728,0.0000,HEAVY,STABLE,HEAVY,MICE
712.228,64.7107,13.0135,0.0000,HEAVY,STABLE,HEAVY,MICE
714.787,373.9100,-0.8650,0.0000,HEAVY,STABLE,HEAVY,MICE
717.346,-2458.9110,0.9463,0.0000,HEAVY,RECOVERING,MODERATE,MICE
719.905,480.6829,0.6634,0.0000,HEAVY,STABLE,HEAVY,MICE
722.467,1068.7723,0.3066,0.0000,HEAVY,STABLE,HEAVY,MICE
725.028,714.7039,0.2597,0.0000,HEAVY,STABLE,HEAVY,MICE
727.588,-905.8441,0.5916,0.0000,HEAVY,RECOVERING,MODERATE,MICE
730.147,2202.9042,-1.6933,0.0000,HEAVY,STABLE,HEAVY,MICE
732.706,-1324.8494,-2.2375,0.0000,HEAVY,RECOVERING,MODERATE,MICE
735.269,1177.2752,2.1196,0.0000,HEAVY,STABLE,HEAVY,MICE
737.831,467.3793,1.6687,0.0000,HEAVY,STABLE,HEAVY,MICE
740.393,-813.0081,-1.4304,0.0000,HEAVY,RECOVERING,MODERATE,MICE
742.953,921.5254,4.7431,0.0000,HEAVY,STABLE,HEAVY,MICE
745.515,-664.2273,-2.2846,0.0000,HEAVY,RECOVERING,MODERATE,MICE
748.075,17.1654,0.4958,0.0000,HEAVY,STABLE,HEAVY,MICE
750.635,-1571.3368,4.2499,0.0000,HEAVY,RECOVERING,MODERATE,MICE
753.198,707.0814,-1.8334,0.0000,HEAVY,STABLE,HEAVY,MICE
755.757,803.5438,-1.9524,0.0000,HEAVY,STABLE,HEAVY,MICE
758.322,-680.4623,2.1405,0.0000,HEAVY,RECOVERING,MODERATE,MICE
760.883,-655.6728,-1.2077,0.0000,HEAVY,RECOVERING,MODERATE,MICE
763.449,902.6383,1.3480,0.0000,HEAVY,STABLE,HEAVY,MICE
766.008,435.9278,3.1276,0.0000,HEAVY,STABLE,HEAVY,MICE
768.570,-578.2926,-0.9342,0.0000,HEAVY,RECOVERING,MODERATE,MICE
771.131,-1315.2361,2.2709,0.0000,HEAVY,RECOVERING,MODERATE,MICE
773.693,327.7786,-1.2310,0.0000,HEAVY,STABLE,HEAVY,MICE
776.255,580.5379,-0.3427,0.0000,HEAVY,STABLE,HEAVY,MICE
778.818,1179.1939,-0.4606,0.0000,HEAVY,STABLE,HEAVY,MICE
781.378,-2123.3388,-2.9697,0.0000,HEAVY,RECOVERING,MODERATE,MICE
783.938,-1411.1971,-1.0759,0.0000,HEAVY,RECOVERING,MODERATE,MICE
786.501,1216.1427,-1.2168,0.0000,HEAVY,STABLE,HEAVY,MICE
789.062,-173.2966,2.0003,0.0000,HEAVY,RECOVERING,MODERATE,MICE
791.622,-352.8426,0.6275,0.0000,HEAVY,RECOVERING,MODERATE,MICE
794.185,-516.5658,0.4839,0.0000,HEAVY,RECOVERING,MODERATE,MICE
796.747,-692.8371,-4.4822,0.0000,HEAVY,RECOVERING,MODERATE,MICE
799.315,-1741.3279,5.9883,0.0000,HEAVY,RECOVERING,MODERATE,MICE
801.884,-1067.4389,4.0802,0.0000,HEAVY,RECOVERING,MODERATE,MICE
804.449,1863.0648,-0.8025,0.0000,HEAVY,STABLE,HEAVY,MICE
807.008,-284.2992,1.7055,0.0000,HEAVY,RECOVERING,MODERATE,MICE
809.573,-3568.4351,-0.8765,0.0000,HEAVY,RECOVERING,MODERATE,MICE
812.139,-219.4862,1.6646,0.0000,HEAVY,RECOVERING,MODERATE,MICE
814.699,2730.8642,0.6712,0.0000,HEAVY,STABLE,HEAVY,MICE
817.262,1381.2455,1.9273,0.0000,HEAVY,STABLE,HEAVY,MICE
819.829,-2128.9442,3.5337,0.0000,HEAVY,RECOVERING,MODERATE,MICE
822.391,2592.4289,0.6996,0.0000,HEAVY,STABLE,HEAVY,MICE
824.955,-905.4558,3.9358,0.0000,HEAVY,RECOVERING,MODERATE,MICE
827.526,-23.9268,-2.5240,0.0000,HEAVY,STABLE,HEAVY,MICE
830.092,403.0673,1.5010,0.0000,HEAVY,STABLE,HEAVY,MICE
832.656,-942.1852,-1.4420,0.0000,HEAVY,RECOVERING,MODERATE,MICE
835.216,-2122.5720,-2.4003,0.0000,HEAVY,RECOVERING,MODERATE,MICE
837.782,1622.8996,-1.3209,0.0000,HEAVY,STABLE,HEAVY,MICE
840.343,-534.1992,0.3201,0.0000,HEAVY,RECOVERING,MODERATE,MICE
842.907,-412.2679,0.6610,0.0000,HEAVY,RECOVERING,MODERATE,MICE
845.468,-187.9111,-2.5199,0.0000,HEAVY,RECOVERING,MODERATE,MICE
848.032,-238.4788,2.9688,0.0000,HEAVY,RECOVERING,MODERATE,MICE
850.596,653.9735,1.6783,0.0000,HEAVY,STABLE,HEAVY,MICE
853.160,-901.1082,-3.9927,0.0000,HEAVY,RECOVERING,MODERATE,MICE
855.721,864.0673,0.1871,0.0000,HEAVY,STABLE,HEAVY,MICE
858.284,-349.5687,-3.4408,0.0000,HEAVY,RECOVERING,MODERATE,MICE
860.842,273.3078,-2.8199,0.0000,HEAVY,STABLE,HEAVY,MICE
863.410,252.5610,1.0874,0.0000,HEAVY,STABLE,HEAVY,MICE
865.973,-330.8321,-1.7358,0.0000,HEAVY,RECOVERING,MODERATE,MICE
868.531,487.9037,4.3228,0.0000,HEAVY,STABLE,HEAVY,MICE
871.097,-1128.2032,-2.7413,0.0000,HEAVY,RECOVERING,MODERATE,MICE
873.658,-1633.7709,1.0060,0.0000,HEAVY,RECOVERING,MODERATE,MICE
876.220,-340.5760,-0.2008,0.0000,HEAVY,RECOVERING,MODERATE,MICE
880.203,132.4828,-0.9511,0.0000,HEAVY,STABLE,HEAVY,MICE
882.764,2495.7584,-0.1444,0.0000,HEAVY,STABLE,HEAVY,MICE
885.327,-4.0216,1.0994,0.0000,HEAVY,STABLE,HEAVY,MICE
887.887,1072.8487,-0.8878,0.0000,HEAVY,STABLE,HEAVY,MICE
890.451,127.3229,3.1937,0.0000,HEAVY,STABLE,HEAVY,MICE
893.012,-1974.7435,0.0489,0.0000,HEAVY,RECOVERING,MODERATE,MICE
895.573,1425.0959,-0.8976,0.0000,HEAVY,STABLE,HEAVY,MICE
898.116,-16140.7691,-69.4394,0.0000,NORMAL,STABLE,NORMAL,MICE
900.655,-2371.7121,0.0000,0.0000,NORMAL,STABLE,NORMAL,MICE
903.195,0.0000,0.0000,0.0000,NORMAL,STABLE,NORMAL,MICE
